Nr;Municipio;CodIBGE;Estado;Area;Desmatado;Incremento;Floresta;Nuvem;NaoFloresta;Hidrografia;
1;Altamira;1500602;PA;159540;10536.4;799.1;143514.1;60.6;3760.6;1668.3;
2;São Félix do Xingu;1507300;PA;84253;19886.2;608.4;59631.6;8.2;3788.0;939.0;
3;Porto Velho;1100205;RO;34631;11075.1;457.2;22372.9;0.0;431.9;751.1;
4;Lábrea;1302405;AM;69672;5566.9;391.6;61825.0;40.9;1793.3;445.9;
5;Novo Progresso;1505031;PA;38183;6853.2;363.2;27793.2;4.6;3457.3;74.7;
6;Itaituba;1503606;PA;62095;6107.3;273.0;54696.1;20.5;460.8;810.3;
7;Apuí;1300144;AM;54490;3170.7;260.1;50490.1;0.0;625.0;204.2;
8;Pacajá;1505486;PA;11851;6486.8;247.9;5364.2;0.0;0.0;0.0;
9;Colniza;5103254;MT;28123;5407.1;239.5;22348.0;0.0;311.5;56.4;
10;Portel;1505809;PA;25425;2620.2;190.0;21573.0;0.0;385.9;845.9;
11;Novo Repartimento;1505064;PA;15432;8423.2;155.3;5839.7;0.0;1.0;1168.1;
12;Senador José Porfírio;1507805;PA;14389;1568.2;147.7;12348.6;0.0;84.9;387.3;
13;Boca do Acre;1300706;AM;22595;2918.0;147.6;19494.2;0.4;58.4;124.0;
14;Aripuanã;5101407;MT;25182;4619.3;144.7;20225.7;0.0;283.2;53.8;
15;União do Sul;5108303;MT;4583;1419.2;133.7;3141.1;0.0;22.7;0.0;
16;Uruará;1508159;PA;10794;3776.1;133.5;7013.5;4.2;0.0;0.2;
17;Candeias do Jamari;1100809;RO;6931;2479.8;115.5;4070.2;0.0;0.0;381.0;
18;Nova Mamoré;1100338;RO;10241;4160.1;114.6;4679.5;0.0;1358.1;43.3;
19;Anapu;1500859;PA;11910;2932.8;112.6;8796.9;0.0;6.8;173.5;
20;Marcelândia;5105580;MT;12295;3906.9;112.1;8154.7;0.0;218.8;14.6;
21;Novo Aripuanã;1303304;AM;41452;1821.2;111.1;37265.9;2.1;1620.2;742.6;
22;Humaitá;1301704;AM;33428;1028.3;109.5;28499.2;0.0;3116.3;784.2;
23;Cujubim;1100940;RO;3904;2161.7;102.0;1740.1;0.0;0.0;2.2;
24;Rurópolis;1506195;PA;7025;2260.9;98.8;4716.3;0.0;0.0;47.8;
25;Jacareacanga;1503754;PA;53397;1782.9;89.0;45690.9;0.5;5213.2;709.5;
26;Feijó;1200302;AC;29179;1829.6;88.3;27331.7;0.0;0.4;17.3;
27;Placas;1505650;PA;7173;2473.7;85.8;4698.9;0.2;0.1;0.1;
28;Trairão;1508050;PA;11997;1657.9;82.4;10236.0;0.0;1.1;102.0;
29;Rorainópolis;1400472;RR;33847;1453.7;80.4;22685.3;1494.3;7642.4;571.3;
30;Manicoré;1302702;AM;48689;2254.6;80.0;41451.5;9.6;4146.5;826.8;
31;Sena Madureira;1200500;AC;24599;2163.0;77.5;22432.5;0.5;2.4;0.6;
32;Cumaru do Norte;1502764;PA;17105;7481.2;69.8;8187.8;0.0;1436.0;0.0;
33;Paranatinga;5106307;MT;24181;2747.7;65.7;4777.4;0.0;16647.8;8.1;
34;Peixoto de Azevedo;5106422;MT;14400;3741.3;64.7;9414.9;0.0;1172.8;71.0;
35;Medicilândia;1504455;PA;8272;2431.8;64.5;5817.5;21.9;0.0;0.8;
36;Feliz Natal;5103700;MT;11448;2497.7;63.5;8225.9;0.0;703.0;21.4;
37;Canutama;1300904;AM;30278;1276.7;62.9;27716.2;0.0;988.3;296.8;
38;Marabá;1504208;PA;15161;8853.4;58.7;6185.4;0.0;36.2;86.0;
39;Ulianópolis;1508126;PA;5122;3622.2;57.5;1495.7;4.1;0.0;0.0;
40;Rio Branco;1200401;AC;9113;2938.9;57.0;6174.0;0.0;0.0;0.1;
41;Monte Alegre;1504802;PA;19516;4410.5;54.8;11768.9;397.5;1799.4;1139.7;
42;Brasiléia;1200104;AC;4062;1554.2;53.1;2507.3;0.1;0.0;0.4;
43;Gaúcha do Norte;5103858;MT;16898;3779.8;52.5;8477.9;0.0;4609.7;30.6;
44;Porto dos Gaúchos;5106802;MT;7048;3209.5;52.1;3767.0;0.0;48.5;23.0;
45;Apiacás;5100805;MT;20401;2349.6;52.0;16730.3;5.0;1052.9;263.2;
46;Santana do Araguaia;1506708;PA;11609;7326.7;51.8;3409.0;0.0;808.4;64.9;
47;Rondolândia;5107578;MT;12743;2110.9;51.7;10555.5;0.0;52.2;24.4;
48;Nova Bandeirantes;5106158;MT;9558;3652.4;50.8;5683.7;0.0;91.0;130.9;
49;Cotriguaçu;5103379;MT;9527;2319.2;49.7;6958.7;0.0;116.0;133.1;
50;Manoel Urbano;1200344;AC;11118;526.1;48.8;10542.4;0.0;0.0;49.5;
51;Juara;5105101;MT;22666;8196.9;48.4;12741.5;0.0;1600.6;127.0;
52;Santarém;1506807;PA;22890;4916.9;47.0;12983.4;438.4;663.5;3887.8;
53;Tarauacá;1200609;AC;21156;1733.0;46.3;19408.2;0.0;1.2;13.6;
54;Machadinho D'Oeste;1100130;RO;8590;3568.1;44.9;4578.6;0.0;385.4;57.9;
55;Cláudia;5103056;MT;3865;1856.7;44.1;1999.4;0.0;0.0;8.9;
56;Mucajaí;1400308;RR;12878;2044.0;43.7;10347.1;252.0;196.3;38.6;
57;Costa Marques;1100080;RO;5058;1924.1;42.8;2554.2;0.0;558.9;20.8;
58;Óbidos;1505106;PA;28031;2021.6;42.3;19904.1;158.3;4595.5;1351.5;
59;Caroebe;1400233;RR;12120;1130.5;42.2;9960.0;933.5;12.8;83.2;
60;Alto Paraíso;1100403;RO;2683;2023.8;41.5;640.8;0.0;0.8;17.6;
61;Cruzeiro do Sul;1200203;AC;9202;1129.3;40.8;7655.6;396.4;20.7;0.0;
62;Goianésia do Pará;1503093;PA;7048;3977.8;40.1;2588.9;0.0;0.0;481.3;
63;Tapurah;5108006;MT;4491;2112.9;39.7;1687.4;0.0;680.6;10.1;
64;Buritis;1100452;RO;3315;2702.7;38.9;607.4;0.0;4.8;0.1;
65;Tailândia;1507953;PA;4451;2343.2;37.6;2104.9;2.9;0.0;0.0;
66;Xapuri;1200708;AC;5511;1535.5;37.4;3975.4;0.1;0.0;0.0;
67;Rondon do Pará;1506187;PA;8286;5668.3;36.9;2617.4;0.3;0.0;0.0;
68;Moju;1504703;PA;9129;4494.8;36.5;4388.2;0.0;190.4;55.6;
69;Alto Alegre;1400050;RR;25869;884.2;36.4;19512.7;2768.0;2610.3;93.8;
70;Caracaraí;1400209;RR;47818;1313.7;36.2;29327.5;2112.9;14489.7;574.2;
71;Prainha;1506005;PA;14785;2017.3;36.2;8196.4;55.8;2964.4;1551.1;
72;Guajará-Mirim;1100106;RO;25260;1586.7;35.1;19708.1;0.0;3798.4;166.8;
73;Aveiro;1501006;PA;17089;1398.8;35.0;14460.0;492.8;18.4;719.0;
74;Itupiranga;1503705;PA;7901;4981.7;33.4;2801.8;0.0;5.6;111.9;
75;Brasnorte;5101902;MT;15999;4524.6;33.1;7677.7;0.0;3762.9;33.8;
76;Comodoro;5103304;MT;21863;3268.3;32.8;8818.9;0.0;9773.1;2.7;
77;Santa Maria das Barreiras;1506583;PA;10351;6017.1;32.7;1776.0;0.0;2508.9;49.0;
78;Nova Ubiratã;5106240;MT;12694;4530.9;32.2;5370.1;0.0;2792.5;0.5;
79;Porto de Moz;1505908;PA;17427;1190.0;32.1;11146.6;501.0;3135.6;1453.8;
80;Seringueiras;1101500;RO;3821;1389.0;31.8;1736.5;0.5;695.0;0.0;
81;Envira;1301506;AM;7793;363.8;31.8;7365.2;1.1;0.1;62.8;
82;Marechal Thaumaturgo;1200351;AC;8588;311.6;29.8;8204.0;71.7;0.2;0.5;
83;Alenquer;1500404;PA;22286;1536.3;29.5;17460.1;223.6;2476.4;589.6;
84;Confresa;5103353;MT;5801;3945.8;29.4;1532.8;0.0;320.3;2.1;
85;Cachoeira do Piriá;1501956;PA;2465;1545.5;26.9;905.9;5.2;0.0;8.4;
86;Brasil Novo;1501725;PA;6368;2743.1;26.8;3574.2;45.7;0.1;4.9;
87;Dom Eliseu;1502939;PA;5296;3539.7;26.6;1738.2;18.1;0.0;0.0;
88;Guajará;1301654;AM;7984;558.7;25.8;7193.8;17.4;206.9;7.2;
89;Alta Floresta D'Oeste;1100015;RO;7137;2386.1;25.7;3020.7;0.0;1708.0;22.2;
90;Pauini;1303502;AM;42877;321.0;25.5;42263.7;6.8;23.7;261.8;
91;Almeirim;1500503;PA;72964;1924.6;25.0;61355.4;5937.9;2715.5;1030.6;
92;Porto Walter;1200393;AC;6661;255.3;24.7;6269.4;133.3;3.0;0.0;
93;Oriximiná;1505304;PA;107782;1611.9;24.5;95154.6;5610.3;3636.6;1768.6;
94;Paranaíta;5106299;MT;4800;2505.5;24.3;2206.2;0.0;31.4;56.9;
95;Porto Acre;1200807;AC;2703;1396.1;24.1;1306.9;0.0;0.0;0.0;
96;Ipixuna do Pará;1503457;PA;5245;2817.3;23.4;2377.6;17.5;6.7;25.9;
97;Iracema;1400282;RR;14271;912.2;23.3;12213.9;1102.0;35.5;7.4;
98;Itinga do Maranhão;2105427;MA;3605;2708.2;23.1;896.7;0.0;0.0;0.1;
99;Nova Monte Verde;5108956;MT;5277;2491.2;23.0;2766.2;0.0;12.9;6.7;
100;Autazes;1300300;AM;7636;1402.5;23.0;4753.3;0.0;464.3;1015.9;
101;Bujari;1200138;AC;3104;1317.8;22.8;1786.0;0.0;0.0;0.2;
102;Ariquemes;1100023;RO;4481;3323.4;22.6;1067.8;0.0;89.6;0.2;
103;São Miguel do Guaporé;1100320;RO;8102;2260.6;22.5;4043.2;0.0;1798.2;0.0;
104;Querência;5107065;MT;17854;5297.4;22.4;10202.1;0.0;2273.5;81.0;
105;Juína;5105150;MT;26359;4632.0;21.5;19046.4;0.0;2639.6;41.0;
106;Maués;1302900;AM;40090;1470.2;21.4;36424.7;27.9;872.3;1294.9;
107;Cantá;1400175;RR;7715;1699.9;21.1;4859.7;248.7;826.5;80.2;
108;Bom Jardim;2102002;MA;6648;3707.1;20.9;2872.5;5.0;55.9;7.5;
109;Santa Carmem;5107248;MT;3836;1607.0;20.8;2229.0;0.0;0.0;0.0;
110;Açailândia;2100055;MA;5846;5369.7;20.2;476.3;0.0;0.0;0.0;
111;Novo Mundo;5106265;MT;5803;2643.4;20.0;2559.4;45.8;536.1;18.3;
112;Paragominas;1505502;PA;19465;8837.5;19.8;10535.6;48.8;7.1;36.0;
113;Capixaba;1200179;AC;1760;977.7;19.4;782.3;0.0;0.0;0.0;
114;Vilhena;1100304;RO;11584;1869.5;19.2;8027.2;0.0;1685.8;1.5;
115;Bom Jesus do Tocantins;1501576;PA;2827;1808.9;19.1;908.9;0.0;70.0;39.2;
116;São Francisco do Guaporé;1101492;RO;11095;2600.9;18.7;5326.4;0.0;3144.7;23.0;
117;Tapauá;1304104;AM;90962;395.4;18.6;86700.8;203.3;2161.1;1501.4;
118;Matupá;5105606;MT;5151;2053.7;18.4;2878.6;0.0;218.7;0.0;
119;Nova Maringá;5108907;MT;11528;3366.2;18.2;7468.1;0.0;685.5;8.2;
120;Santa Terezinha;5107776;MT;6459;2681.4;18.1;2486.7;0.0;1243.7;47.2;
121;Arame;2100956;MA;3075;1967.1;17.9;771.3;0.0;336.5;0.1;
122;Rodrigues Alves;1200427;AC;3246;553.0;17.8;2664.6;27.7;0.7;0.0;
123;Pimenta Bueno;1100189;RO;6280;2520.8;17.6;2707.3;0.0;1046.7;5.2;
124;Alta Floresta;5100250;MT;8986;5007.9;17.3;3683.3;0.0;258.7;36.1;
125;São Félix do Araguaia;5107859;MT;16851;4583.8;17.0;6025.6;0.0;6180.1;61.5;
126;Ourilândia do Norte;1505437;PA;14357;1755.0;16.5;9429.0;0.0;3169.4;3.6;
127;Tomé-Açu;1508001;PA;5169;3037.5;16.1;2119.3;11.7;0.1;0.4;
128;Acará;1500206;PA;4361;2437.0;15.8;1809.9;0.3;43.3;70.5;
129;Amajari;1400027;RR;28786;423.0;15.5;20325.0;2662.1;5292.0;83.9;
130;Santa Luzia;2110005;MA;6245;5767.2;14.9;477.8;0.0;0.0;0.0;
131;Monte Negro;1101401;RO;1955;1514.7;14.5;395.6;0.0;44.7;0.0;
132;Campo Novo de Rondônia;1100700;RO;3491;2108.9;14.2;1107.9;0.0;274.2;0.0;
133;Itapuã do Oeste;1101104;RO;4132;1001.4;13.6;2921.0;0.0;2.5;207.1;
134;Itaúba;5104559;MT;4612;1896.5;13.5;2265.0;0.0;418.5;32.0;
135;Acrelândia;1200013;AC;1880;1240.3;13.0;639.7;0.0;0.0;0.0;
136;Santa Helena;2109809;MA;2335;1435.5;12.6;161.5;0.8;629.3;107.9;
137;Alto Alegre dos Parecis;1100379;RO;3994;1358.3;12.6;1703.4;0.9;917.6;13.8;
138;Chupinguaia;1100924;RO;5164;2728.2;12.6;2107.0;0.0;328.4;0.4;
139;Porto Alegre do Norte;5106778;MT;3982;905.8;12.4;630.3;0.0;2445.9;0.0;
140;Bom Jesus das Selvas;2102036;MA;2700;2289.7;12.3;410.3;0.0;0.0;0.0;
141;Borba;1300805;AM;44452;579.5;12.3;41446.8;0.5;586.5;1838.7;
142;Breu Branco;1501782;PA;3953;2852.7;12.2;836.5;0.0;0.9;262.9;
143;Santa Cruz do Xingu;5107743;MT;5627;1441.9;11.9;2498.1;0.0;1621.6;65.4;
144;Jordão;1200328;AC;5635;196.3;11.9;5438.0;0.2;0.1;0.4;
145;Rio Maria;1506161;PA;4122;3432.6;11.8;553.3;0.0;128.6;7.5;
146;Epitaciolândia;1200252;AC;1703;912.8;11.8;786.6;3.5;0.0;0.1;
147;Turilândia;2112456;MA;1529;1215.6;11.7;113.7;3.6;135.6;60.5;
148;Vila Bela da Santíssima Trindade;5105507;MT;13521;4688.7;11.3;2168.9;0.0;6590.5;72.9;
149;Manacapuru;1302504;AM;7381;830.3;10.9;4237.4;84.7;805.6;1423.0;
150;Tefé;1304203;AM;24186;702.3;10.7;22438.4;151.7;168.9;724.7;
151;Barra do Corda;2101608;MA;7962;3283.3;10.6;2174.2;0.0;2499.9;4.6;
152;Nova Santa Helena;5106190;MT;2346;1367.8;10.5;977.1;0.0;1.1;0.0;
153;Itacoatiara;1301902;AM;8927;1814.5;10.3;4617.6;0.0;829.3;1665.6;
154;Viseu;1508308;PA;4971;3503.5;10.1;1323.7;11.1;45.4;87.3;
155;Nova União;1101435;RO;815;734.5;9.8;76.5;0.0;4.0;0.0;
156;Nova Olinda do Maranhão;2107357;MA;2479;1206.8;9.5;1185.2;87.0;0.0;0.0;
157;Curuá;1502855;PA;1430;378.1;9.5;312.2;0.0;272.6;467.1;
158;Presidente Figueiredo;1303536;AM;25568;796.6;9.4;17710.5;3638.0;1.1;3421.8;
159;Juruti;1503903;PA;8308;1230.8;9.3;5316.4;18.5;633.3;1109.0;
160;Água Azul do Norte;1500347;PA;7125;4683.3;9.3;2290.8;23.0;127.9;0.0;
161;Centro Novo do Maranhão;2103174;MA;8329;2381.0;9.2;5340.4;607.3;0.0;0.3;
162;Nova Canaã do Norte;5106216;MT;5975;3075.9;9.2;1802.6;0.0;1059.4;37.1;
163;Bonfim;1400159;RR;8141;422.7;9.0;1454.2;86.7;6134.1;43.3;
164;Plácido de Castro;1200385;AC;1988;1502.2;8.9;485.8;0.0;0.0;0.0;
165;Pimenteiras do Oeste;1101468;RO;6065;1304.9;8.8;2307.9;0.0;2429.1;23.1;
166;Ipixuna;1301803;AM;12595;266.5;8.7;12191.7;0.0;66.6;70.2;
167;Tucuruí;1508100;PA;2095;849.8;8.7;762.4;0.0;4.7;478.1;
168;Ouro Preto do Oeste;1100155;RO;1990;1842.4;8.7;130.5;0.0;15.9;1.2;
169;São José do Rio Claro;5107305;MT;4563;1874.9;8.5;1582.4;0.0;1103.6;2.1;
170;Grajaú;2104800;MA;7625;1523.4;8.5;1339.5;0.0;4762.1;0.0;
171;São João da Baliza;1400506;RR;4305;572.2;8.4;3672.1;54.9;0.4;5.4;
172;Buriticupu;2102325;MA;2568;2012.9;8.2;554.1;0.0;0.0;1.0;
173;Fortuna;2104206;MA;706;343.0;8.2;357.7;0.0;5.3;0.0;
174;Senador Guiomard;1200450;AC;2384;1741.5;8.0;642.5;0.0;0.0;0.0;
175;Gonçalves Dias;2104404;MA;888;626.3;7.9;261.7;0.0;0.0;0.0;
176;Barra do Bugres;5101704;MT;6066;3368.0;7.9;1878.9;0.0;815.7;3.4;
177;Vitória do Xingu;1508357;PA;3136;2011.2;7.8;975.2;0.1;0.1;149.4;
178;Nova Esperança do Piriá;1504950;PA;2829;1584.0;7.8;1233.9;11.1;0.0;0.0;
179;Sinop;5107909;MT;3935;2617.5;7.7;1162.8;0.0;136.3;18.4;
180;Guarantã do Norte;5104104;MT;4713;2478.3;7.6;1510.3;0.0;724.2;0.2;
181;Marajá do Sena;2106359;MA;881;795.7;7.6;85.3;0.0;0.0;0.0;
182;Jutaí;1302306;AM;71756;278.0;7.5;70011.5;207.4;97.6;1161.5;
183;Mirante da Serra;1101302;RO;1205;667.3;7.3;323.4;0.0;214.3;0.0;
184;Vale do Anari;1101757;RO;3166;1304.6;7.2;1831.1;0.0;11.3;19.0;
185;Tabaporã;5107941;MT;8231;2663.0;7.2;3320.6;1.1;2240.1;6.2;
186;Castanheira;5102850;MT;3963;2586.7;7.2;1344.2;0.0;3.4;28.7;
187;Careiro da Várzea;1301159;AM;2641;586.0;7.1;718.3;0.9;707.8;628.0;
188;Cacaulândia;1100601;RO;1985;1506.4;7.1;437.5;0.0;41.1;0.0;
189;Manaus;1302603;AM;11473;1275.8;6.7;8576.7;69.7;3.0;1547.8;
190;Amarante do Maranhão;2100600;MA;7733;2362.3;6.7;3692.2;0.0;1678.5;0.0;
191;São Gabriel da Cachoeira;1303809;AM;112476;1225.3;6.6;102415.3;6863.4;489.7;1482.3;
192;Baião;1501204;PA;3768;1637.2;6.4;1419.5;0.0;475.4;235.9;
193;Pontes e Lacerda;5106752;MT;8639;3910.3;6.3;1405.9;0.0;3322.8;0.0;
194;Rio Crespo;1100262;RO;1741;1127.0;6.3;590.7;0.0;23.3;0.0;
195;Lucas do Rio Verde;5105259;MT;3662;553.7;6.2;613.5;0.0;2494.8;0.0;
196;Cáceres;5102504;MT;24399;1984.1;6.2;1542.5;0.0;19780.8;1091.6;
197;Barão de Melgaço;5101605;MT;11187;383.2;6.2;2201.1;0.0;8493.6;109.1;
198;Parecis;1101450;RO;2568;1200.7;6.2;883.9;0.0;483.0;0.4;
199;São Luiz;1400605;RR;1537;607.0;6.1;927.8;0.1;0.0;2.1;
200;Nova Ipixuna;1504976;PA;1569;1176.0;6.1;176.6;0.0;122.6;93.8;
201;Nova Olinda do Norte;1303106;AM;5625;452.3;6.1;4460.7;0.0;281.0;431.0;
202;Araputanga;5101258;MT;1608;1232.5;6.0;340.3;0.0;35.2;0.0;
203;São Domingos do Maranhão;2110708;MA;1168;890.0;5.9;185.7;0.0;92.3;0.0;
204;Governador Luiz Rocha;2104628;MA;377;223.2;5.7;127.8;0.0;26.0;0.0;
205;Governador Jorge Teixeira;1101005;RO;5131;1392.1;5.7;3547.5;0.0;191.4;0.0;
206;Juruena;5105176;MT;2826;1278.8;5.7;1455.6;0.0;66.5;25.1;
207;Colíder;5103205;MT;3039;2540.1;5.7;492.5;0.0;2.3;4.1;
208;Alvarães;1300029;AM;6027;352.7;5.5;5502.5;6.2;38.0;127.6;
209;Monção;2106904;MA;1362;979.7;5.4;66.2;1.5;189.0;125.6;
210;Santa Rosa do Purus;1200435;AC;6350;109.8;5.3;6205.2;0.0;0.1;34.9;
211;Ananás;1701002;TO;1587;1172.6;5.2;178.2;0.0;192.8;43.4;
212;Presidente Sarney;2109270;MA;732;575.8;5.0;71.3;0.1;82.1;2.7;
213;Cacoal;1100049;RO;3821;2534.2;5.0;1254.8;0.0;26.2;5.8;
214;Assis Brasil;1200054;AC;5180;320.9;4.9;4858.6;0.0;0.5;0.0;
215;Mâncio Lima;1200336;AC;5762;444.9;4.8;5264.6;7.4;45.1;0.0;
216;São João do Araguaia;1507508;PA;1288;950.4;4.8;147.8;0.0;73.7;116.1;
217;Theobroma;1101609;RO;2217;1781.8;4.7;434.8;0.0;0.0;0.4;
218;Vila Rica;5108600;MT;7443;4664.0;4.7;2582.3;0.0;186.8;9.9;
219;Tuntum;2112308;MA;3619;1274.1;4.5;367.4;0.0;1933.7;43.8;
220;Santa Rita;2110203;MA;718;266.2;4.5;257.1;4.3;168.6;21.8;
221;Porto Esperidião;5106828;MT;5833;393.7;4.5;197.8;0.0;5241.5;0.0;
222;Belterra;1501451;PA;4399;841.9;4.4;2895.7;55.9;0.0;605.5;
223;Careiro;1301100;AM;6127;1136.6;4.4;4564.9;27.9;80.7;316.9;
224;Governador Eugênio Barros;2104602;MA;829;381.1;4.4;447.9;0.0;0.0;0.0;
225;Jaru;1100114;RO;2976;2633.1;4.4;298.1;0.0;44.8;0.0;
226;Espigão D'Oeste;1100098;RO;4551;2127.8;4.2;2126.4;0.0;296.5;0.3;
227;Corumbiara;1100072;RO;3081;2176.1;4.1;805.5;0.0;99.4;0.0;
228;Pinheiro;2108603;MA;1482;883.9;4.1;74.8;3.1;414.3;105.9;
229;Parauapebas;1505536;PA;6968;1335.8;4.1;5544.8;0.0;85.6;1.8;
230;Coari;1301209;AM;58828;795.2;4.0;53382.5;1065.4;823.1;2761.8;
231;Sapucaia;1507755;PA;1300;1174.5;3.8;125.5;0.0;0.0;0.0;
232;Gurupá;1503101;PA;8550;127.7;3.8;6325.3;282.6;517.1;1297.3;
233;Nhamundá;1303007;AM;14132;506.3;3.8;11636.0;537.4;344.4;1107.9;
234;Curionópolis;1502772;PA;2375;2068.2;3.7;302.2;0.0;4.6;0.0;
235;Jacundá;1503804;PA;2013;1485.7;3.7;263.0;0.0;0.0;264.3;
236;São Paulo de Olivença;1303908;AM;20467;191.2;3.7;19595.0;6.7;86.3;587.8;
237;Itapecuru Mirim;2105401;MA;1494;601.8;3.6;580.4;0.1;308.4;3.3;
238;Uarini;1304260;AM;10448;276.1;3.5;9639.7;0.0;100.4;431.8;
239;Canarana;5102702;MT;10840;1922.1;3.5;2126.9;0.0;6784.7;6.3;
240;Beruri;1300631;AM;17411;232.4;3.3;15505.4;214.3;886.1;572.8;
241;Eirunepé;1301407;AM;15608;397.5;3.3;14856.7;0.0;172.1;181.7;
242;Bagre;1501105;PA;4403;215.6;3.3;3859.9;9.2;61.5;256.8;
243;Colinas;2103505;MA;2011;217.5;3.2;354.6;0.0;1438.9;0.0;
244;Cantanhede;2102705;MA;783;253.1;3.2;525.3;0.0;4.6;0.0;
245;Aurora do Pará;1500958;PA;1824;1566.0;3.1;239.6;1.1;0.0;17.3;
246;Santo Antônio do Içá;1303700;AM;12737;146.5;3.1;11523.0;525.8;90.4;451.3;
247;Rio Preto da Eva;1303569;AM;5838;592.2;3.0;5173.4;62.1;0.0;10.3;
248;Parintins;1303403;AM;5958;993.0;3.0;1546.8;3.8;1133.2;2281.2;
249;Pau D'Arco;1505551;PA;1674;943.7;3.0;318.6;0.0;411.7;0.0;
250;Santo Antônio do Leverger;5107800;MT;12262;1050.7;2.9;1089.2;0.9;10099.5;21.7;
251;Eldorado dos Carajás;1502954;PA;2968;2761.2;2.9;206.8;0.0;0.0;0.0;
252;Terra Santa;1507979;PA;1900;369.0;2.8;708.4;45.1;388.1;389.4;
253;Pedro do Rosário;2108256;MA;1770;1681.5;2.8;19.0;0.1;69.4;0.0;
254;Barcarena;1501303;PA;1316;336.7;2.6;449.7;0.0;1.9;527.7;
255;Tucumã;1508084;PA;2513;2303.5;2.6;200.9;1.0;0.0;7.6;
256;Caapiranga;1300839;AM;9550;253.2;2.6;8616.6;70.7;181.9;427.6;
257;Bom Jesus do Araguaia;5101852;MT;4282;2770.6;2.5;1134.5;0.0;375.3;1.6;
258;Ji-Paraná;1100122;RO;6955;2620.1;2.5;4233.3;0.0;66.3;35.3;
259;Oeiras do Pará;1505205;PA;3863;788.0;2.5;2385.3;18.0;377.7;294.0;
260;Floresta do Araguaia;1503044;PA;3454;1927.5;2.4;303.4;0.0;1177.7;45.4;
261;Japurá;1302108;AM;57555;63.9;2.3;50495.0;5473.3;2.6;1520.2;
262;Nova Brasilândia D'Oeste;1100148;RO;1167;911.4;2.3;190.5;0.0;65.1;0.0;
263;Miranda do Norte;2106755;MA;357;261.5;2.2;82.1;0.4;12.8;0.2;
264;Iranduba;1301852;AM;2229;499.3;2.2;1272.7;20.3;132.9;303.8;
265;Cidelândia;2103257;MA;1474;1314.4;2.2;132.0;0.0;20.8;6.8;
266;Bannach;1501253;PA;2964;2199.2;2.2;702.3;0.0;62.5;0.0;
267;Serra Nova Dourada;5107883;MT;1491;359.5;2.2;168.8;0.0;962.7;0.0;
268;Melgaço;1504505;PA;6781;170.5;2.2;5909.2;8.6;166.3;526.4;
269;Nova Lacerda;5106182;MT;4744;1888.6;2.2;1356.1;0.0;1499.3;0.0;
270;Mirassol d'Oeste;5105622;MT;1077;948.5;2.2;94.7;0.0;33.8;0.0;
271;Ribeirão Cascalheira;5107180;MT;11364;1678.9;2.2;1730.2;0.0;7938.9;16.0;
272;Conceição do Araguaia;1502707;PA;5847;3103.3;2.1;751.8;0.0;1874.8;117.1;
273;Arari;2101004;MA;1115;417.0;2.1;34.0;0.0;585.3;78.7;
274;Canabrava do Norte;5102694;MT;3451;1668.6;2.1;581.1;0.0;1201.1;0.2;
275;São Domingos do Capim;1507201;PA;1686;1357.8;2.1;277.1;0.0;15.2;35.9;
276;Carutapera;2102903;MA;1239;664.3;2.1;377.0;5.6;112.8;79.3;
277;Vale do Paraíso;1101807;RO;974;888.2;2.1;81.6;0.0;3.5;0.7;
278;Nova Mutum;5106224;MT;9546;2938.0;2.0;3228.4;0.0;3372.4;7.2;
279;Manaquiri;1302553;AM;4001;504.5;2.0;3083.9;19.2;106.3;287.1;
280;Cajari;2102507;MA;551;65.8;2.0;20.0;0.5;352.2;112.5;
281;Canaã dos Carajás;1502152;PA;3156;1748.2;2.0;1302.1;0.0;105.6;0.1;
282;Sapezal;5107875;MT;13636;194.8;2.0;2844.8;0.0;10595.9;0.5;
283;Rosário;2109601;MA;695;100.7;2.0;435.1;64.8;0.0;94.4;
284;Vera;5108501;MT;2952;1966.9;1.9;967.2;0.0;17.8;0.1;
285;Riachinho;1718550;TO;520;447.4;1.9;53.8;0.0;18.8;0.0;
286;Santo Afonso;5107263;MT;1172;984.8;1.9;182.8;0.0;4.4;0.0;
287;Breves;1501808;PA;9572;548.5;1.9;7772.6;141.8;86.2;1022.9;
288;Alvorada D'Oeste;1100346;RO;3060;1389.1;1.9;851.2;0.0;819.7;0.0;
289;Formoso do Araguaia;1708205;TO;13453;209.2;1.9;818.4;0.0;12257.6;167.8;
290;Matões do Norte;2106631;MA;793;432.7;1.8;354.9;0.0;4.6;0.8;
291;João Lisboa;2105500;MA;638;595.6;1.8;42.4;0.0;0.0;0.0;
292;Magalhães Barata;1504109;PA;326;165.7;1.7;130.3;0.1;2.3;27.6;
293;Penalva;2108306;MA;792;491.8;1.7;22.5;0.6;154.7;122.4;
294;Buritirana;2102358;MA;824;705.3;1.7;104.8;0.0;13.9;0.0;
295;Carlinda;5102793;MT;2417;1737.7;1.6;647.1;0.0;0.0;32.2;
296;Aragominas;1701309;TO;1180;1023.4;1.6;127.9;0.0;18.0;10.7;
297;Silves;1304005;AM;3758;442.6;1.6;2582.9;5.1;128.7;598.7;
298;Piçarra;1505635;PA;3322;2932.2;1.6;325.9;0.0;0.0;63.9;
299;Nova Olímpia;5106232;MT;1554;999.9;1.6;237.4;0.0;316.7;0.0;
300;Godofredo Viana;2104305;MA;684;304.3;1.6;272.0;6.6;28.0;73.1;
301;Boa Vista do Gurupi;2101970;MA;407;338.2;1.6;63.3;0.0;0.0;5.5;
302;Coroatá;2103604;MA;2298;1060.3;1.6;1237.7;0.0;0.0;0.0;
303;Presidente Dutra;2109106;MA;805;741.2;1.5;63.6;0.0;0.1;0.1;
304;Pedro Afonso;1716505;TO;2021;32.5;1.5;19.4;0.0;1949.5;19.6;
305;Araguatins;1702208;TO;2642;1843.5;1.5;192.8;0.0;539.0;66.7;
306;São Domingos do Araguaia;1507151;PA;1397;1298.6;1.5;98.4;0.0;0.0;0.0;
307;Carauari;1301001;AM;26469;300.7;1.5;25755.4;0.3;12.7;399.9;
308;Castanheiras;1100908;RO;901;735.4;1.5;162.5;0.0;0.6;2.5;
309;Barreirinha;1300508;AM;5760;813.3;1.5;3582.0;0.0;408.6;956.1;
310;Alto Boa Vista;5100359;MT;2241;1228.2;1.5;439.0;0.0;573.8;0.0;
311;Xinguara;1508407;PA;3793;3382.5;1.5;392.9;0.0;0.0;17.6;
312;Vitória do Mearim;2112902;MA;736;244.3;1.4;16.8;0.1;464.9;9.9;
313;Macapá;1600303;AP;6419;423.8;1.4;1753.1;171.1;3119.5;951.5;
314;Brejo Grande do Araguaia;1501758;PA;1292;1073.5;1.4;162.0;0.0;29.8;26.7;
315;Terra Nova do Norte;5108055;MT;2551;2166.2;1.4;380.2;0.0;4.6;0.0;
316;Nova Guarita;5108808;MT;1087;944.6;1.3;138.6;3.2;0.0;0.6;
317;São Sebastião do Uatumã;1303957;AM;10776;226.0;1.3;9796.3;62.2;65.7;625.8;
318;Tartarugalzinho;1600709;AP;6718;333.6;1.3;2845.0;124.0;3226.1;189.3;
319;Itamarati;1301951;AM;26042;138.3;1.3;25609.4;2.5;3.3;288.5;
320;Barcelos;1300409;AM;124163;223.1;1.3;100667.7;1712.2;17060.1;4499.9;
321;Figueirópolis D'Oeste;5103809;MT;893;742.4;1.3;44.5;0.0;106.1;0.0;
322;Amapá do Maranhão;2100550;MA;507;400.3;1.3;106.4;0.3;0.0;0.0;
323;Codajás;1301308;AM;18944;276.0;1.3;16450.1;47.9;729.2;1440.8;
324;Bujaru;1501907;PA;1010;668.0;1.3;270.9;0.0;11.8;59.3;
325;São Luís;2111300;MA;839;378.3;1.3;142.7;26.9;0.0;291.1;
326;Abaetetuba;1500107;PA;1617;698.4;1.3;491.2;0.2;13.6;413.6;
327;São Geraldo do Araguaia;1507458;PA;3181;2506.2;1.3;331.4;0.1;314.1;29.2;
328;Abel Figueiredo;1500131;PA;616;573.2;1.2;42.8;0.0;0.0;0.0;
329;São José do Xingu;5107354;MT;7465;4349.4;1.2;2752.4;0.0;306.2;57.0;
330;Centro do Guilherme;2103158;MA;1084;924.8;1.2;150.5;8.7;0.0;0.0;
331;Capitão Poço;1502301;PA;2924;2579.0;1.2;340.3;0.9;2.0;1.8;
332;Faro;1503002;PA;11794;252.1;1.2;10623.5;649.7;87.6;181.1;
333;Tonantins;1304237;AM;6619;95.2;1.1;6047.3;93.4;67.4;315.7;
334;Calçoene;1600204;AP;14283;197.5;1.1;7250.7;4711.9;1950.7;172.2;
335;Paço do Lumiar;2107506;MA;134;80.2;1.1;43.6;1.6;0.0;8.6;
336;Turiaçu;2112407;MA;2603;1951.1;1.1;531.2;6.0;48.0;66.7;
337;Curralinho;1502806;PA;3626;206.4;1.1;2790.7;16.8;241.5;370.6;
338;Nortelândia;5106000;MT;1353;923.1;1.1;279.5;0.0;150.4;0.0;
339;Itaipava do Grajaú;2105351;MA;1045;929.0;1.1;116.0;0.0;0.0;0.0;
340;Igarapé-Miri;1503309;PA;2004;484.2;1.1;994.4;0.3;203.3;321.8;
341;Palestina do Pará;1505494;PA;985;829.8;1.1;129.3;0.0;0.3;25.6;
342;Santa Isabel do Rio Negro;1303601;AM;64130;224.9;1.1;59778.8;2547.2;950.8;628.3;
343;Urupá;1101708;RO;841;696.4;1.1;46.9;0.0;97.7;0.0;
344;Xambioá;1722107;TO;1191;1000.9;1.1;149.0;0.0;11.0;30.1;
345;Atalaia do Norte;1300201;AM;80005;249.3;1.0;79148.8;194.5;16.5;395.9;
346;São Pedro da Água Branca;2111532;MA;725;457.8;1.0;37.0;0.0;208.0;22.2;
347;Vitória do Jari;1600808;AP;2481;211.1;1.0;1285.6;474.9;379.8;129.6;
348;Zé Doca;2114007;MA;2438;2022.6;1.0;413.4;2.0;0.0;0.0;
349;Pedra Branca do Amapari;1600154;AP;9495;252.7;1.0;6038.0;3200.1;0.0;4.2;
350;Pirapemas;2108801;MA;698;289.4;1.0;408.6;0.0;0.0;0.0;
351;Santa Luzia do Paruá;2110039;MA;908;865.4;1.0;11.7;0.4;30.5;0.0;
352;Rolim de Moura;1100288;RO;1471;1331.6;1.0;139.4;0.0;0.0;0.0;
353;Uiramutã;1400704;RR;8117;51.4;1.0;1827.2;346.2;5884.1;8.1;
354;Cabixi;1100031;RO;1322;1004.5;1.0;302.5;0.0;11.3;3.7;
355;Jauru;5105002;MT;1316;1106.1;1.0;97.6;0.0;112.3;0.0;
356;Governador Archer;2104503;MA;442;196.9;1.0;245.1;0.0;0.0;0.0;
357;Cerejeiras;1100056;RO;2805;820.0;0.9;740.6;0.0;1244.4;0.0;
358;Anajás;1500701;PA;6940;178.3;0.9;5851.8;564.0;209.1;136.8;
359;São Caetano de Odivelas;1507102;PA;752;235.7;0.9;194.0;0.0;8.8;313.5;
360;Garrafão do Norte;1503077;PA;1610;1438.3;0.9;171.7;0.0;0.0;0.0;
361;Capinzal do Norte;2102754;MA;598;225.9;0.9;372.1;0.0;0.0;0.0;
362;Maracanã;1504307;PA;860;332.1;0.9;372.7;0.6;33.2;121.4;
363;Luís Domingues;2106201;MA;464;315.5;0.9;120.4;1.8;4.3;22.0;
364;Ministro Andreazza;1101203;RO;804;717.1;0.9;86.9;0.0;0.0;0.0;
365;Maraã;1302801;AM;17221;125.3;0.9;14636.9;7.5;604.6;1846.7;
366;São João do Carú;2111029;MA;620;414.9;0.9;205.1;0.0;0.0;0.0;
367;Boa Vista;1400100;RR;5726;22.6;0.9;205.1;22.4;5381.9;94.0;
368;Curuçá;1502905;PA;675;276.2;0.9;328.8;0.1;0.9;69.0;
369;Wanderlândia;1722081;TO;1382;319.6;0.9;141.6;0.0;920.8;0.0;
370;Juruá;1302207;AM;19849;157.6;0.8;18705.2;110.9;142.1;733.2;
371;Novo Airão;1303205;AM;38114;128.9;0.8;35181.0;1233.5;211.9;1358.7;
372;Santa Luzia D'Oeste;1100296;RO;1207;982.5;0.8;224.5;0.0;0.0;0.0;
373;Recursolândia;1718501;TO;2230;42.7;0.8;86.4;0.0;2100.9;0.0;
374;Graça Aranha;2104701;MA;275;229.6;0.8;45.4;0.0;0.0;0.0;
375;Concórdia do Pará;1502756;PA;695;614.5;0.8;80.2;0.0;0.0;0.3;
376;Pracuúba;1600550;AP;4965;86.2;0.8;3278.1;355.6;1176.0;69.1;
377;Esperantina;1707405;TO;505;220.0;0.8;8.1;0.0;227.5;49.4;
378;Presidente Médici;1100254;RO;1773;1611.1;0.8;134.8;0.0;17.6;9.5;
379;Ribamar Fiquene;2109551;MA;755;445.8;0.8;49.0;0.0;244.7;15.5;
380;Castanhal;1502400;PA;1034;907.2;0.8;125.7;0.0;0.0;1.1;
381;Colorado do Oeste;1100064;RO;1460;1202.5;0.7;203.6;0.0;53.9;0.0;
382;Jatobá;2105450;MA;598;265.2;0.7;136.9;0.0;195.9;0.0;
383;São Francisco do Brejão;2110856;MA;751;720.4;0.7;30.6;0.0;0.0;0.0;
384;Diamantino;5103502;MT;8135;636.7;0.7;1780.9;0.0;5717.4;0.0;
385;Mazagão;1600402;AP;13140;132.3;0.7;10718.2;699.0;1347.5;243.0;
386;Cocalinho;5103106;MT;16560;269.9;0.7;1727.9;0.0;14449.5;112.7;
387;Peri Mirim;2108405;MA;409;246.6;0.7;26.5;8.8;126.3;0.8;
388;Santa Terezinha do Tocantins;1720002;TO;271;74.7;0.7;23.3;0.0;173.0;0.0;
389;Oiapoque;1600501;AP;22642;224.7;0.7;11287.4;7102.8;3899.9;127.2;
390;Anamã;1300086;AM;2473;203.0;0.7;2014.0;2.4;34.6;219.0;
391;São Miguel do Guamá;1507607;PA;1117;891.6;0.7;178.0;0.0;15.2;32.2;
392;Marapanim;1504406;PA;795;405.0;0.7;299.4;0.1;41.6;48.9;
393;Cândido Mendes;2102606;MA;1635;943.5;0.7;511.0;21.1;79.8;79.6;
394;Tabatinga;1304062;AM;3343;168.1;0.6;3082.7;38.9;1.3;52.0;
395;São João da Ponta;1507466;PA;197;111.3;0.6;72.7;0.0;1.7;11.3;
396;São José de Ribamar;2111201;MA;390;102.4;0.6;108.5;6.9;0.0;172.2;
397;Joselândia;2105609;MA;691;505.8;0.6;172.6;0.0;0.2;12.4;
398;Tangará da Serra;5107958;MT;11333;2184.7;0.6;634.6;0.0;8512.8;0.9;
399;Boa Vista do Ramos;1300680;AM;2588;212.0;0.6;1117.5;0.0;852.8;405.7;
400;São João do Paraíso;2111052;MA;2070;259.2;0.6;16.0;0.0;1794.8;0.0;
401;Dom Pedro;2103802;MA;374;236.0;0.6;138.0;0.0;0.0;0.0;
402;Porto Grande;1600535;AP;4407;368.5;0.6;3181.8;197.5;639.8;19.4;
403;São João de Pirabas;1507474;PA;703;213.2;0.6;386.0;9.5;12.9;81.4;
404;Pacaraima;1400456;RR;8083;79.5;0.6;1585.6;138.7;6264.1;15.1;
405;Novo Horizonte do Oeste;1100502;RO;852;750.6;0.6;96.8;0.0;4.6;0.0;
406;Vigia;1508209;PA;536;220.0;0.6;138.2;0.0;16.4;161.4;
407;Santa Luzia do Pará;1506559;PA;1367;1251.2;0.6;115.8;0.0;0.0;0.0;
408;Nova Marilândia;5108857;MT;1942;985.2;0.6;393.0;0.0;563.8;0.0;
409;Vale de São Domingos;5108352;MT;1913;607.0;0.6;494.9;0.0;811.1;0.0;
410;Bacabeira;2101251;MA;625;103.5;0.5;184.8;14.1;226.1;96.5;
411;Capanema;1502202;PA;619;519.1;0.5;67.9;0.1;29.5;2.4;
412;Irituia;1503507;PA;1387;1217.2;0.5;149.3;0.0;17.2;3.3;
413;Davinópolis;2103752;MA;339;292.9;0.5;46.1;0.0;0.0;0.0;
414;Igarapé do Meio;2105153;MA;397;217.9;0.5;5.7;0.0;172.9;0.5;
415;Senador La Rocque;2111763;MA;1247;1162.9;0.5;84.1;0.0;0.0;0.0;
416;Guaraí;1709302;TO;2278;1037.4;0.5;159.9;0.0;1077.7;3.0;
417;Anajatuba;2100709;MA;1024;315.0;0.5;42.7;0.6;552.8;112.9;
418;São Miguel do Tocantins;1720200;TO;400;344.6;0.5;38.4;0.0;4.2;12.8;
419;Presidente Juscelino;2109205;MA;360;69.7;0.5;250.0;4.5;33.3;2.5;
420;Vila Nova dos Martírios;2112852;MA;1196;974.8;0.5;80.1;0.1;131.8;9.2;
421;Novo Horizonte do Norte;5106273;MT;909;707.6;0.5;194.1;0.0;0.0;7.3;
422;Laranjal do Jari;1600279;AP;30974;202.5;0.5;26872.3;3689.6;146.9;62.7;
423;Urucará;1304302;AM;28012;347.7;0.5;25662.1;932.8;423.0;646.4;
424;Primavera;1506104;PA;261;179.4;0.5;64.2;0.1;9.3;8.0;
425;Ferreira Gomes;1600238;AP;5047;145.9;0.4;2994.5;197.5;1643.1;66.0;
426;Novo Santo Antônio;5106315;MT;4375;245.4;0.4;440.6;0.0;3593.3;95.7;
427;Cametá;1502103;PA;3090;1119.1;0.4;864.7;0.0;657.9;448.3;
428;Lima Campos;2106003;MA;325;122.6;0.4;202.4;0.0;0.0;0.0;
429;Colméia;1716703;TO;995;755.9;0.4;18.3;0.0;220.8;0.0;
430;São Sebastião da Boa Vista;1507706;PA;1636;124.5;0.4;1217.9;2.6;175.1;115.9;
431;Bragança;1501709;PA;2107;1725.4;0.4;279.6;8.2;37.6;56.2;
432;Alto Alegre do Pindaré;2100477;MA;1951;1866.3;0.4;31.0;0.2;53.5;0.0;
433;Tocantinópolis;1721208;TO;1085;303.3;0.4;132.8;0.0;624.0;24.9;
434;Teixeirópolis;1101559;RO;464;442.9;0.4;21.1;0.0;0.0;0.0;
435;Praia Norte;1718303;TO;291;233.7;0.4;18.5;0.0;29.5;9.3;
436;Piraquê;1717206;TO;1374;1105.1;0.4;196.1;0.0;72.8;0.0;
437;Dueré;1707306;TO;3435;47.2;0.4;233.2;0.0;3150.7;3.9;
438;Peritoró;2108454;MA;836;257.5;0.4;578.5;0.0;0.0;0.0;
439;Santo Antônio do Tauá;1507003;PA;540;325.4;0.4;110.9;0.0;6.8;96.9;
440;Lagoa Grande do Maranhão;2105963;MA;741;718.5;0.4;22.5;0.0;0.0;0.0;
441;Caseara;1703909;TO;1697;309.8;0.4;274.1;0.0;1079.1;34.0;
442;Marianópolis do Tocantins;1712504;TO;2096;168.6;0.4;167.6;0.0;1758.4;1.4;
443;Santa Isabel do Pará;1506500;PA;720;538.2;0.4;156.9;0.0;4.1;20.8;
444;Ourém;1505403;PA;565;500.9;0.3;62.4;0.0;1.4;0.3;
445;Santana;1600600;AP;1578;76.8;0.3;475.3;41.6;940.0;44.3;
446;Sorriso;5107925;MT;9349;3977.7;0.3;1252.2;0.0;4119.1;0.0;
447;Lajeado Novo;2105989;MA;1054;259.0;0.3;14.7;0.0;780.3;0.0;
448;Santa Bárbara do Pará;1506351;PA;279;161.0;0.3;98.4;0.0;0.0;19.6;
449;Benevides;1501501;PA;189;125.8;0.3;54.9;0.0;0.0;8.3;
450;Campo Verde;5102678;MT;4794;198.0;0.3;51.8;0.0;4544.2;0.0;
451;Muricilândia;1713957;TO;1193;960.8;0.3;206.0;0.0;0.0;26.2;
452;Araguaína;1702109;TO;4019;2699.9;0.3;397.6;0.0;897.6;23.9;
453;Jenipapo dos Vieiras;2105476;MA;1981;1146.2;0.3;670.3;0.0;164.5;0.0;
454;Anori;1300102;AM;5852;83.8;0.3;4649.0;43.9;640.6;434.7;
455;Curvelândia;5103437;MT;362;295.9;0.3;29.0;0.0;37.1;0.0;
456;Cutias;1600212;AP;2117;188.3;0.3;404.4;7.8;1452.3;64.2;
457;Cachoeirinha;1703826;TO;354;111.3;0.3;35.4;0.0;207.3;0.0;
458;Primavera de Rondônia;1101476;RO;610;425.9;0.3;90.0;0.0;93.6;0.5;
459;Denise;5103452;MT;1303;1142.3;0.3;155.3;0.0;5.4;0.0;
460;Porto Franco;2109007;MA;1427;576.1;0.3;74.6;0.0;760.7;15.6;
461;Maracaçumé;2106326;MA;635;545.9;0.3;88.6;0.5;0.0;0.0;
462;Araguacema;1701903;TO;2786;65.2;0.3;404.7;0.0;2232.0;84.1;
463;Sítio Novo do Tocantins;1720804;TO;325;298.9;0.3;26.1;0.0;0.0;0.0;
464;Inhangapi;1503408;PA;476;328.2;0.3;115.8;0.0;6.8;25.2;
465;Nossa Senhora do Livramento;5106109;MT;5200;110.5;0.3;82.1;0.0;5005.1;2.3;
466;Bonito;1501600;PA;590;544.3;0.3;45.7;0.0;0.0;0.0;
467;Peixe-Boi;1505601;PA;454;364.0;0.2;69.2;0.0;17.1;3.7;
468;Araguanã;1702158;TO;838;744.5;0.2;65.7;0.0;12.5;15.3;
469;Redenção;1506138;PA;3830;2664.8;0.2;460.2;0.0;705.0;0.0;
470;Limoeiro do Ajuru;1504000;PA;1494;62.3;0.2;873.0;0.0;50.9;507.8;
471;Belém;1501402;PA;1070;252.2;0.2;229.4;0.0;7.1;581.3;
472;Angico;1701051;TO;453;204.3;0.2;26.1;0.0;222.6;0.0;
473;Igarapé-Açu;1503200;PA;789;688.7;0.2;93.1;0.0;6.0;1.2;
474;Água Boa;5100201;MT;7486;40.3;0.2;123.3;0.0;7322.4;0.0;
475;Itaguatins;1710706;TO;745;368.2;0.2;55.9;0.0;310.0;10.9;
476;Luciara;5105309;MT;4152;35.4;0.2;397.2;0.0;3675.5;43.9;
477;São Francisco do Pará;1507409;PA;480;418.3;0.2;60.3;0.0;1.3;0.1;
478;Mãe do Rio;1504059;PA;471;450.1;0.2;19.5;0.0;0.0;1.4;
479;Terra Alta;1507961;PA;209;172.7;0.2;36.3;0.0;0.0;0.0;
480;São José dos Quatro Marcos;5107107;MT;1284;1188.8;0.2;59.1;0.0;36.1;0.0;
481;Conquista D'Oeste;5103361;MT;2707;588.1;0.2;802.6;0.0;1316.3;0.0;
482;Bernardo Sayão;1703206;TO;930;895.3;0.2;20.6;0.0;0.0;14.1;
483;Poconé;5106505;MT;17283;81.6;0.2;881.9;64.6;15557.9;697.0;
484;Abreulândia;1700251;TO;1900;10.1;0.2;45.6;0.0;1844.3;0.0;
485;Araguanã;2100873;MA;811;757.9;0.2;52.0;1.1;0.0;0.0;
486;Itaporã do Tocantins;1711100;TO;977;932.2;0.2;44.8;0.0;0.0;0.0;
487;Itapiranga;1302009;AM;4245;142.6;0.2;3757.1;17.3;155.6;172.4;
488;Amaturá;1300060;AM;4903;117.2;0.2;4332.0;17.7;222.5;213.6;
489;Formosa da Serra Negra;2104099;MA;3977;34.5;0.2;23.6;0.0;3918.9;0.0;
490;Chapada de Areia;1704600;TO;661;2.2;0.2;9.9;0.0;648.9;0.0;
491;Palmeiras do Tocantins;1713809;TO;751;59.2;0.1;21.5;0.0;669.1;1.2;
492;Viana;2112803;MA;1176;506.9;0.1;91.6;0.1;382.3;195.1;
493;São Mateus do Maranhão;2111508;MA;793;461.7;0.1;215.4;0.0;106.9;9.0;
494;Santo Antônio dos Lopes;2110302;MA;781;293.4;0.1;487.6;0.0;0.0;0.0;
495;Lagoa da Confusão;1711902;TO;10588;287.6;0.1;1949.7;0.0;8239.6;111.1;
496;Rondonópolis;5107602;MT;4168;833.0;0.1;263.7;0.0;3065.7;5.6;
497;Santa Fé do Araguaia;1718865;TO;1683;1273.1;0.1;350.6;0.0;0.0;59.3;
498;Poxoréo;5107008;MT;6922;1857.7;0.1;91.5;0.0;4972.8;0.0;
499;Augustinópolis;1702554;TO;397;383.5;0.1;13.0;0.0;0.5;0.0;
500;Campestre do Maranhão;2102556;MA;618;412.4;0.1;41.6;0.0;154.3;9.7;
501;Santa Maria do Pará;1506609;PA;460;415.9;0.1;44.1;0.0;0.0;0.0;
502;Lambari D'Oeste;5105234;MT;1773;1183.1;0.1;412.4;0.0;172.7;4.8;
503;Glória D'Oeste;5103957;MT;849;296.7;0.1;45.8;0.0;506.5;0.0;
504;Benjamin Constant;1300607;AM;9146;193.7;0.1;8747.1;0.4;0.0;204.8;
505;São Bento;2110500;MA;465;362.9;0.1;1.8;0.0;99.8;0.5;
506;Muaná;1504901;PA;3776;100.9;0.1;1806.9;21.2;1361.3;485.7;
507;Governador Nunes Freire;2104677;MA;1045;1011.8;0.1;32.6;0.6;0.0;0.0;
508;Salto do Céu;5107750;MT;1776;1354.1;0.1;370.1;0.0;51.7;0.1;
509;Montes Altos;2107001;MA;1499;185.2;0.1;55.8;0.0;1258.0;0.0;
510;Dom Aquino;5103601;MT;2208;800.0;0.1;48.3;0.0;1359.7;0.0;
511;Buriti do Tocantins;1703800;TO;250;214.2;0.1;1.0;0.0;29.0;5.8;
512;Campos de Júlio;5102686;MT;6831;113.1;0.1;469.8;0.0;6248.1;0.0;
513;Matinha;2106508;MA;414;290.9;0.1;1.4;0.0;49.2;72.5;
514;Nova Brasilândia;5106208;MT;3268;1168.0;0.1;190.4;0.0;1881.9;27.7;
515;Salvaterra;1506302;PA;1048;117.2;0.1;195.4;2.4;433.3;299.7;
516;Mocajuba;1504604;PA;872;493.8;0.1;135.1;0.0;168.2;74.9;
517;Arenápolis;5101308;MT;414;369.7;0.1;44.3;0.0;0.0;0.0;
518;Serra do Navio;1600055;AP;7762;73.4;0.1;5768.1;1911.4;0.0;9.1;
519;Quatipuru;1506112;PA;326;82.2;0.1;158.6;1.6;24.9;58.7;
520;Tracuateua;1508035;PA;858;469.8;0.1;176.9;1.7;188.8;20.8;
521;Nova Nazaré;5106174;MT;4042;413.6;0.1;851.8;0.0;2769.7;6.9;
522;Alto Alegre do Maranhão;2100436;MA;388;189.2;0.1;198.8;0.0;0.0;0.0;
523;São Luís Gonzaga do Maranhão;2111409;MA;981;653.9;0.1;325.4;0.0;1.7;0.0;
524;Nova Timboteua;1505007;PA;492;379.2;0.1;89.3;0.0;19.5;4.0;
525;Estreito;2104057;MA;2737;10.7;0.1;4.9;0.0;2700.3;21.1;
526;São José dos Basílios;2111250;MA;366;278.4;0.1;74.9;0.0;0.0;12.7;
527;Chapada dos Guimarães;5103007;MT;6250;392.2;0.1;142.1;0.0;5516.4;199.3;
528;Santarém Novo;1506906;PA;230;149.1;0.1;70.1;0.1;1.9;8.8;
529;Axixá do Tocantins;1702901;TO;150;140.3;0.1;9.7;0.0;0.0;0.0;
530;Apicum-Açu;2100832;MA;349;167.0;0.1;115.4;4.4;3.0;59.2;
531;Arapoema;1702307;TO;1558;1468.9;0.1;65.1;0.0;0.0;24.0;
532;Chaves;1502509;PA;13116;99.9;0.1;3193.3;824.9;5236.2;3761.7;
533;Raposa;2109452;MA;64;14.8;0.1;25.5;15.3;0.7;7.7;
534;Colares;1502608;PA;612;90.8;0.1;132.7;0.0;15.9;372.6;
535;Urucurituba;1304401;AM;2915;97.7;0.1;127.3;0.0;1689.6;1000.4;
536;Monte Santo do Tocantins;1713700;TO;1096;2.3;0.1;9.7;0.0;1084.0;0.0;
537;Carrasco Bonito;1703891;TO;194;131.3;0.0;0.6;0.0;57.9;4.2;
538;Santa Filomena do Maranhão;2109759;MA;408;57.7;0.0;11.0;0.0;339.3;0.0;
539;São Felipe D'Oeste;1101484;RO;547;487.0;0.0;60.0;0.0;0.0;0.0;
540;Fonte Boa;1301605;AM;12392;106.5;0.0;10631.6;687.3;154.1;812.5;
541;Normandia;1400407;RR;7003;19.5;0.0;387.0;122.0;6451.9;22.6;
542;Afuá;1500305;PA;8382;29.2;0.0;3931.9;1393.6;286.7;2740.6;
543;Ananindeua;1500800;PA;185;87.3;0.0;79.3;0.0;0.0;18.4;
544;Augusto Corrêa;1500909;PA;1100;728.8;0.0;281.4;8.8;4.7;76.3;
545;Cachoeira do Arari;1502004;PA;3115;73.7;0.0;285.2;22.7;2267.7;465.7;
546;Marituba;1504422;PA;103;66.0;0.0;29.8;0.0;0.0;7.2;
547;Ponta de Pedras;1505700;PA;3378;52.3;0.0;581.8;26.9;2254.4;462.6;
548;Salinópolis;1506203;PA;219;34.3;0.0;151.6;1.7;10.5;20.9;
549;Santa Cruz do Arari;1506401;PA;1078;0.0;0.0;5.7;0.0;1044.1;28.2;
550;Soure;1507904;PA;3528;35.3;0.0;226.8;32.1;2502.9;730.9;
551;Amapá;1600105;AP;9186;110.4;0.0;2200.5;988.7;4911.1;975.3;
552;Itaubal;1600253;AP;1704;95.4;0.0;363.4;46.3;779.0;419.9;
553;Aguiarnópolis;1700301;TO;236;110.9;0.0;18.7;0.0;102.1;4.3;
554;Aliança do Tocantins;1700350;TO;1585;0.0;0.0;0;0.0;1585.9;0.0;
555;Almas;1700400;TO;4041;0.0;0.0;0.0;0.0;4041.0;0.0;
556;Alvorada;1700707;TO;1216;0.0;0.0;0;0.0;1216.1;0.0;
557;Aparecida do Rio Negro;1701101;TO;1166;0.0;0.0;0;0.0;1166.8;0.0;
558;Araguaçu;1702000;TO;5183;0.0;0.0;80.5;0.0;5099.8;2.7;
559;Arraias;1702406;TO;5827;0.0;0.0;12.9;0.0;5814.1;0.0;
560;Aurora do Tocantins;1702703;TO;756;0.0;0.0;1.5;0.0;754.5;0.0;
561;Babaçulândia;1703008;TO;1796;3.5;0.0;0;0.0;1779.2;13.5;
562;Bandeirantes do Tocantins;1703057;TO;1548;1500.6;0.0;47.2;0.0;0.2;0.0;
563;Barra do Ouro;1703073;TO;1112;0.0;0.0;0;0.0;1093.1;19.7;
564;Barrolândia;1703107;TO;715;0.0;0.0;0.1;0.0;714.9;0.0;
565;Bom Jesus do Tocantins;1703305;TO;1338;7.5;0.0;6.9;0.0;1314.6;9.0;
566;Brasilândia do Tocantins;1703602;TO;643;219.3;0.0;4.6;0.0;419.1;0.0;
567;Brejinho de Nazaré;1703701;TO;1731;0.0;0.0;0.0;0.0;1729.1;1.9;
568;Campos Lindos;1703842;TO;3266;0.1;0.0;1.5;0.0;3264.4;0.0;
569;Cariri do Tocantins;1703867;TO;1130;0.0;0.0;0;0.0;1130.6;0.0;
570;Carmolândia;1703883;TO;340;308.1;0.0;31.9;0.0;0.0;0.0;
571;Centenário;1704105;TO;1967;0.0;0.0;0;0.0;1967.7;0.0;
572;Chapada da Natividade;1705102;TO;1655;0.0;0.0;0;0.0;1655.2;0.0;
573;Colinas do Tocantins;1705508;TO;847;663.1;0.0;4.0;0.0;179.9;0.0;
574;Combinado;1705557;TO;211;0.0;0.0;16.6;0.0;194.4;0.0;
575;Conceição do Tocantins;1705607;TO;2519;0.0;0.0;0;0.0;2519.6;0.0;
576;Couto Magalhães;1706001;TO;1591;235.3;0.0;86.1;0.0;1230.2;39.4;
577;Cristalândia;1706100;TO;1854;0.0;0.0;1.1;0.0;1852.9;0.0;
578;Crixás do Tocantins;1706258;TO;990;0.0;0.0;0;0.0;990.5;0.0;
579;Darcinópolis;1706506;TO;1649;108.5;0.0;26.0;0.0;1509.6;4.9;
580;Dianópolis;1707009;TO;3240;0.0;0.0;4.7;0.0;3235.3;0.0;
581;Divinópolis do Tocantins;1707108;TO;2355;18.5;0.0;57.3;0.0;2279.2;0.0;
582;Dois Irmãos do Tocantins;1707207;TO;3772;68.5;0.0;75.5;0.0;3628.0;0.0;
583;Fátima;1707553;TO;385;0.0;0.0;0.0;0.0;385.0;0.0;
584;Figueirópolis;1707652;TO;1935;0.0;0.0;0;0.0;1935.3;0.0;
585;Filadélfia;1707702;TO;1998;0.0;0.0;0;0.0;1975.5;23.5;
586;Fortaleza do Tabocão;1708254;TO;624;402.6;0.0;1.8;0.0;219.6;0.0;
587;Goianorte;1708304;TO;1805;104.9;0.0;49.6;0.0;1650.5;0.0;
588;Goiatins;1709005;TO;6450;0.0;0.0;0;0.0;6434.6;15.9;
589;Gurupi;1709500;TO;1843;0.0;0.0;0;0.0;1843.3;0.0;
590;Ipueiras;1709807;TO;818;0.0;0.0;0.0;0.0;818.0;0.0;
591;Itacajá;1710508;TO;3072;0.0;0.0;0;0.0;3072.4;0.0;
592;Itapiratins;1710904;TO;1250;0.0;0.0;0;0.0;1210.9;39.2;
593;Jaú do Tocantins;1711506;TO;2184;0.0;0.0;10.8;0.0;2173.2;0.0;
594;Juarina;1711803;TO;482;211.0;0.0;12.4;0.0;236.9;21.7;
595;Lagoa do Tocantins;1711951;TO;917;0.0;0.0;0;0.0;917.7;0.0;
596;Lajeado;1712009;TO;324;0.0;0.0;0;0.0;314.0;10.3;
597;Lavandeira;1712157;TO;524;0.0;0.0;8.5;0.0;515.5;0.0;
598;Lizarda;1712405;TO;5769;0.0;0.0;3.5;0.0;5765.5;0.0;
599;Luzinópolis;1712454;TO;281;158.3;0.0;18.8;0.0;103.9;0.0;
600;Mateiros;1712702;TO;9665;0.0;0.0;261.7;0.0;9403.3;0.0;
601;Maurilândia do Tocantins;1712801;TO;741;144.2;0.0;62.5;0.0;522.8;11.5;
602;Miracema do Tocantins;1713205;TO;2663;0.0;0.0;0;0.0;2650.6;13.0;
603;Miranorte;1713304;TO;1036;319.1;0.0;8.4;0.0;708.5;0.0;
604;Monte do Carmo;1713601;TO;3635;0.0;0.0;0.3;0.0;3633.6;1.1;
605;Natividade;1714203;TO;3260;0.0;0.0;0;0.0;3260.4;0.0;
606;Nazaré;1714302;TO;398;284.5;0.0;30.4;0.0;83.1;0.0;
607;Nova Olinda;1714880;TO;1573;799.1;0.0;14.9;0.0;759.0;0.0;
608;Nova Rosalândia;1715002;TO;518;0.0;0.0;0;0.0;518.4;0.0;
609;Novo Acordo;1715101;TO;2686;0.0;0.0;0;0.0;2686.9;0.0;
610;Novo Alegre;1715150;TO;201;0.0;0.0;43.9;0.0;157.1;0.0;
611;Novo Jardim;1715259;TO;1321;0.0;0.0;3.0;0.0;1318.0;0.0;
612;Oliveira de Fátima;1715507;TO;207;0.0;0.0;0;0.0;207.3;0.0;
613;Palmeirante;1715705;TO;2654;103.7;0.0;13.1;0.0;2523.5;13.7;
614;Palmeirópolis;1715754;TO;1710;0.0;0.0;5.0;0.0;1705.0;0.0;
615;Paraíso do Tocantins;1716109;TO;1274;0.0;0.0;0.2;0.0;1273.8;0.0;
616;Paranã;1716208;TO;11321;0.0;0.0;9.5;0.0;11311.5;0.0;
617;Pau D'Arco;1716307;TO;1381;1133.1;0.0;130.7;0.0;83.7;33.5;
618;Peixe;1716604;TO;5315;0.0;0.0;0;0.0;5316.3;0.0;
619;Pequizeiro;1716653;TO;1213;846.3;0.0;63.8;0.0;302.9;0.0;
620;Pindorama do Tocantins;1717008;TO;1567;0.0;0.0;0;0.0;1567.4;0.0;
621;Pium;1717503;TO;10035;35.1;0.0;1668.2;0.0;8080.3;251.4;
622;Ponte Alta do Bom Jesus;1717800;TO;1818;0.0;0.0;2.2;0.0;1815.8;0.0;
623;Ponte Alta do Tocantins;1717909;TO;6534;0.0;0.0;0;0.0;6524.1;10.1;
624;Porto Alegre do Tocantins;1718006;TO;505;0.0;0.0;0;0.0;505.6;0.0;
625;Porto Nacional;1718204;TO;4472;0.0;0.0;0;0.0;4441.5;31.6;
626;Presidente Kennedy;1718402;TO;774;342.3;0.0;101.0;0.0;330.7;0.0;
627;Pugmil;1718451;TO;403;0.0;0.0;0;0.0;403.3;0.0;
628;Rio da Conceição;1718659;TO;793;0.0;0.0;7.1;0.0;785.9;0.0;
629;Rio dos Bois;1718709;TO;848;17.8;0.0;0.2;0.0;828.1;1.9;
630;Rio Sono;1718758;TO;6394;0.0;0.0;1.9;0.0;6392.1;0.0;
631;Sampaio;1718808;TO;223;76.1;0.0;10.9;0.0;123.4;12.6;
632;Sandolândia;1718840;TO;3536;6.8;0.0;73.5;0.0;3440.9;14.8;
633;Santa Maria do Tocantins;1718881;TO;1419;0.0;0.0;0;0.0;1410.6;9.3;
634;Santa Rita do Tocantins;1718899;TO;3285;24.6;0.0;13.2;0.0;3247.0;0.2;
635;Santa Rosa do Tocantins;1718907;TO;1804;0.0;0.0;0;0.0;1804.1;0.0;
636;Santa Tereza do Tocantins;1719004;TO;543;0.0;0.0;0;0.0;543.7;0.0;
637;São Bento do Tocantins;1720101;TO;1112;352.5;0.0;74.8;0.0;684.7;0.0;
638;São Félix do Tocantins;1720150;TO;1923;0.0;0.0;0;0.0;1923.4;0.0;
639;São Salvador do Tocantins;1720259;TO;1429;0.0;0.0;0.0;0.0;1429.0;0.0;
640;São Sebastião do Tocantins;1720309;TO;287;135.6;0.0;0;0.0;132.9;18.6;
641;São Valério da Natividade;1720499;TO;2532;0.0;0.0;0;0.0;2532.2;0.0;
642;Silvanópolis;1720655;TO;1268;0.0;0.0;0;0.0;1268.6;0.0;
643;Sucupira;1720853;TO;1030;0.0;0.0;0;0.0;1030.8;0.0;
644;Taguatinga;1720903;TO;2458;0.0;0.0;5.7;0.0;2452.3;0.0;
645;Taipas do Tocantins;1720937;TO;1123;0.0;0.0;0;0.0;1123.5;0.0;
646;Talismã;1720978;TO;2162;0.0;0.0;3.6;0.0;2158.4;0.0;
647;Palmas;1721000;TO;2227;0.0;0.0;0;0.0;2205.0;22.6;
648;Tocantínia;1721109;TO;2619;0.0;0.0;0;0.0;2600.5;18.8;
649;Tupirama;1721257;TO;715;0.0;0.0;0;0.0;709.8;5.7;
650;Tupiratins;1721307;TO;900;2.2;0.0;6.8;0.0;883.1;7.9;
651;Alcântara;2100204;MA;1506;905.1;0.0;170.4;8.5;72.0;350.0;
652;Altamira do Maranhão;2100402;MA;542;542.5;0.0;0;0.0;0.0;0.0;
653;Alto Parnaíba;2100501;MA;11229;0.0;0.0;156.3;0.0;11072.7;0.0;
654;Axixá;2101103;MA;205;30.9;0.0;92.3;24.6;0.0;57.2;
655;Bacabal;2101202;MA;1705;1202.5;0.0;139.2;0.0;360.8;2.5;
656;Bacuri;2101301;MA;795;502.4;0.0;196.1;2.0;5.5;89.0;
657;Bacurituba;2101350;MA;684;16.2;0.0;32.4;0.0;358.2;277.2;
658;Balsas;2101400;MA;13259;0.0;0.0;0;0.0;13259.1;0.0;
659;Bela Vista do Maranhão;2101772;MA;147;127.0;0.0;0;0.0;20.8;0.0;
660;Benedito Leite;2101806;MA;1804;0.0;0.0;122.3;0.0;1681.7;0.0;
661;Bequimão;2101905;MA;779;468.6;0.0;70.7;3.5;195.8;40.4;
662;Bernardo do Mearim;2101939;MA;264;194.2;0.0;69.8;0.0;0.0;0.0;
663;Bom Lugar;2102077;MA;451;451.8;0.0;0;0.0;0.0;0.0;
664;Brejo de Areia;2102150;MA;365;365.1;0.0;0;0.0;0.0;0.0;
665;Cajapió;2102408;MA;918;84.9;0.0;322.9;8.5;116.1;385.6;
666;Carolina;2102804;MA;6485;0.0;0.0;0.3;0.0;6429.6;55.1;
667;Cedral;2103109;MA;291;229.5;0.0;52.1;2.4;0.2;6.8;
668;Central do Maranhão;2103125;MA;370;258.9;0.0;12.0;0.0;97.7;1.4;
669;Conceição do Lago-Açu;2103554;MA;742;531.0;0.0;0;0.0;98.7;113.0;
670;Cururupu;2103703;MA;1235;610.8;0.0;431.5;11.6;12.6;168.5;
671;Esperantinópolis;2104008;MA;486;450.4;0.0;35.2;0.0;0.4;0.0;
672;Feira Nova do Maranhão;2104073;MA;1486;0.0;0.0;0;0.0;1486.9;0.0;
673;Fernando Falcão;2104081;MA;3547;39.9;0.0;79.5;0.0;3427.6;0.0;
674;Fortaleza dos Nogueiras;2104107;MA;1680;0.0;0.0;0;0.0;1680.7;0.0;
675;Governador Edison Lobão;2104552;MA;619;287.5;0.0;17.9;0.0;299.3;14.3;
676;Governador Newton Bello;2104651;MA;1173;1166.1;0.0;6.9;0.0;0.0;0.0;
677;Guimarães;2104909;MA;604;371.9;0.0;97.2;0.3;7.8;126.8;
678;Igarapé Grande;2105203;MA;379;380.0;0.0;0;0.0;0.0;0.0;
679;Imperatriz;2105302;MA;1375;1123.3;0.0;75.3;0.0;155.1;21.3;
680;Junco do Maranhão;2105658;MA;560;547.3;0.0;11.4;0.0;0.0;1.3;
681;Lago da Pedra;2105708;MA;1552;1552.1;0.0;0;0.0;0.0;0.0;
682;Lago do Junco;2105807;MA;312;312.4;0.0;0;0.0;0.0;0.0;
683;Lago Verde;2105906;MA;631;534.1;0.0;0.1;0.0;82.4;14.4;
684;Lago dos Rodrigues;2105948;MA;196;196.8;0.0;0;0.0;0.0;0.0;
685;Loreto;2106102;MA;3638;0.0;0.0;60.0;0.0;3578.0;0.0;
686;Maranhãozinho;2106375;MA;981;768.5;0.0;193.3;19.2;0.0;0.0;
687;Mirador;2106706;MA;8716;0.0;0.0;0;0.0;8716.3;0.0;
688;Mirinzal;2106805;MA;696;681.5;0.0;14.2;0.0;0.0;0.3;
689;Nova Colinas;2107258;MA;748;0.0;0.0;0;0.0;748.8;0.0;
690;Nova Iorque;2107308;MA;992;0.0;0.0;483.4;0.0;508.6;0.0;
691;Olho d'Água das Cunhãs;2107407;MA;704;704.6;0.0;0;0.0;0.0;0.0;
692;Olinda Nova do Maranhão;2107456;MA;200;184.3;0.0;0.1;0.0;1.4;14.2;
693;Palmeirândia;2107605;MA;532;440.8;0.0;10.5;0.4;58.0;22.3;
694;Pastos Bons;2108009;MA;1660;0.0;0.0;215.2;0.0;1444.8;0.0;
695;Paulo Ramos;2108108;MA;1063;1064.0;0.0;0;0.0;0.0;0.0;
696;Pedreiras;2108207;MA;292;180.6;0.0;111.4;0.0;0.0;0.0;
697;Pindaré-Mirim;2108504;MA;275;202.4;0.0;0;0.0;52.8;20.0;
698;Pio XII;2108702;MA;550;479.0;0.0;0;0.0;48.0;23.6;
699;Poção de Pedras;2108900;MA;663;589.8;0.0;73.0;0.0;0.2;0.0;
700;Porto Rico do Maranhão;2109056;MA;211;118.0;0.0;79.4;3.6;0.5;9.5;
701;Presidente Médici;2109239;MA;441;440.3;0.0;0.7;0.0;0.0;0.0;
702;Riachão;2109502;MA;6422;0.0;0.0;0;0.0;6422.7;0.0;
703;Sambaíba;2109700;MA;2509;0.0;0.0;31.9;0.0;2477.1;0.0;
704;Santa Inês;2109908;MA;778;766.3;0.0;0;0.0;8.6;3.5;
705;São Domingos do Azeitão;2110658;MA;974;0.0;0.0;0;0.0;974.2;0.0;
706;São Félix de Balsas;2110807;MA;2057;0.0;0.0;12.5;0.0;2044.5;0.0;
707;São João Batista;2111003;MA;700;148.6;0.0;57.4;0.0;358.8;135.2;
708;São Pedro dos Crentes;2111573;MA;987;0.0;0.0;0;0.0;988.0;0.0;
709;São Raimundo das Mangabeiras;2111607;MA;3555;0.0;0.0;0;0.0;3555.6;0.0;
710;São Raimundo do Doca Bezerra;2111631;MA;284;280.3;0.0;3.7;0.0;0.0;0.0;
711;São Roberto;2111672;MA;229;229.7;0.0;0;0.0;0.0;0.0;
712;São Vicente Ferrer;2111706;MA;393;296.1;0.0;0;0.0;97.8;0.0;
713;Satubinha;2111722;MA;447;356.2;0.0;0;0.0;86.7;4.4;
714;Serrano do Maranhão;2111789;MA;1221;1102.0;0.0;101.5;1.5;2.3;13.7;
715;Sítio Novo;2111805;MA;3141;59.3;0.0;18.6;0.0;3063.1;0.0;
716;Sucupira do Norte;2111904;MA;1087;0.0;0.0;0;0.0;1087.8;0.0;
717;Tasso Fragoso;2112001;MA;4426;0.0;0.0;27.1;0.0;4398.9;0.0;
718;Trizidela do Vale;2112233;MA;225;153.7;0.0;71.3;0.0;0.0;0.0;
719;Tufilândia;2112274;MA;274;249.0;0.0;0.0;0.0;25.0;0.0;
720;Vitorino Freire;2113009;MA;1209;1166.3;0.0;0;0.0;43.3;0.0;
721;Acorizal;5100102;MT;841;0.0;0.0;0.2;0.0;840.8;0.0;
722;Alto Araguaia;5100300;MT;5541;0.0;0.0;201.7;0.0;5339.3;0.0;
723;Alto Garças;5100409;MT;3658;0.0;0.0;0.0;0.0;3658.0;0.0;
724;Alto Paraguai;5100508;MT;2055;424.3;0.0;122.7;0.0;1508.0;0.0;
725;Alto Taquari;5100607;MT;1391;0.0;0.0;7.6;0.0;1383.4;0.0;
726;Araguaiana;5101001;MT;6422;831.2;0.0;542.3;0.0;5034.8;13.7;
727;Araguainha;5101209;MT;688;0.0;0.0;0.7;0.0;687.3;0.0;
728;Barra do Garças;5101803;MT;9146;1276.4;0.0;231.0;0.0;7626.4;12.2;
729;Campinápolis;5102603;MT;5968;0.6;0.0;11.3;0.0;5956.1;0.0;
730;Campo Novo do Parecis;5102637;MT;9467;269.4;0.0;1571.2;0.0;7626.4;0.0;
731;Cuiabá;5103403;MT;3496;170.5;0.0;166.4;0.0;3159.1;0.0;
732;General Carneiro;5103908;MT;3793;0.0;0.0;1.2;0.0;3790.3;1.5;
733;Guiratinga;5104203;MT;5359;168.3;0.0;1.7;0.0;5189.0;0.0;
734;Indiavaí;5104500;MT;601;564.6;0.0;36.4;0.0;0.0;0.0;
735;Ipiranga do Norte;5104526;MT;3449;1863.6;0.0;986.4;0.0;598.8;0.2;
736;Itanhangá;5104542;MT;2927;1665.7;0.0;1257.1;0.0;0.0;4.2;
737;Itiquira;5104609;MT;8724;160.7;0.0;297.6;0.0;8259.3;6.4;
738;Jaciara;5104807;MT;1657;687.1;0.0;11.2;0.0;958.7;0.0;
739;Jangada;5104906;MT;1022;0.0;0.0;0;0.0;1022.5;0.0;
740;Juscimeira;5105200;MT;2205;922.2;0.0;37.2;0.0;1244.4;1.2;
741;Nobres;5105903;MT;3765;355.7;0.0;229.6;0.0;3179.7;0.0;
742;Nova Xavantina;5106257;MT;5527;788.6;0.0;268.9;0.0;4443.3;26.2;
743;Novo São Joaquim;5106281;MT;5022;1.1;0.0;118.4;0.0;4900.3;2.2;
744;Pedra Preta;5106372;MT;4107;20.7;0.0;1.3;0.0;4085.0;0.0;
745;Planalto da Serra;5106455;MT;2452;552.2;0.0;44.0;0.0;1855.8;0.0;
746;Pontal do Araguaia;5106653;MT;2755;0.0;0.0;1.8;0.0;2742.9;10.3;
747;Ponte Branca;5106703;MT;687;0.0;0.0;1.2;0.0;685.8;0.0;
748;Porto Estrela;5106851;MT;2068;382.2;0.0;223.4;0.0;1462.4;0.0;
749;Primavera do Leste;5107040;MT;5473;0.7;0.0;17.1;0.0;5455.2;0.0;
750;Reserva do Cabaçal;5107156;MT;1342;320.1;0.0;312.0;0.0;709.9;0.0;
751;Ribeirãozinho;5107198;MT;623;0.0;0.0;4.3;0.0;618.7;0.0;
752;Rio Branco;5107206;MT;529;446.2;0.0;10.6;0.0;72.2;0.0;
753;São José do Povo;5107297;MT;443;27.4;0.0;0;0.0;416.1;0.0;
754;São Pedro da Cipa;5107404;MT;343;305.9;0.0;6.1;0.0;31.0;0.0;
755;Rosário Oeste;5107701;MT;7493;66.0;0.0;23.0;0.0;7395.0;9.0;
756;Santa Rita do Trivelato;5107768;MT;4756;677.9;0.0;671.0;0.0;3407.1;0.0;
757;Santo Antônio do Leste;5107792;MT;3597;2.1;0.0;64.7;0.0;3530.2;0.0;
758;Tesouro;5108105;MT;3944;0.0;0.0;4.0;0.0;3938.9;1.1;
759;Torixoréu;5108204;MT;2397;0.0;0.0;1.7;0.0;2394.2;1.1;
760;Várzea Grande;5108402;MT;939;0.0;0.0;1.3;0.0;937.7;0.0;
